{
    "struct_alat": 5.43,
    "struct_numbers": [
        14,
        14
    ],
    "struct_symbols": [
        "Si",
        "Si"
    ],
    "struct_cell": [
        [
            0.0,
            2.715,
            2.715
        ],
        [
            2.715,
            0.0,
            2.715
        ],
        [
            2.715,
            2.715,
            0.0
        ]
    ],
    "struct_positions": [
        [
            0.0004967141530112327,
            -0.00013826430117118465,
            0.0006476885381006925
        ],
        [
            1.3590230298564079,
            1.3572658466252765,
            1.3572658630430507
        ]
    ]
}